{
  "cases": [
    {
      "name": "none-noop",
      "seed": 1,
      "config": {
        "sigmaMs": 5,
        "distribution": "none",
        "correlation": 0
      },
      "count": 8,
      "expected": [
        0,
        0,
        0,
        0,
        0,
        0,
        0,
        0
      ]
    },
    {
      "name": "normal-uncorrelated",
      "seed": 12345,
      "config": {
        "sigmaMs": 3,
        "distribution": "normal",
        "correlation": 0
      },
      "count": 24,
      "expected": [
        4.53990776790306,
        6.057865963317454,
        -4.88243917725049,
        2.1305068193469197,
        -3.105909200850874,
        -0.016592897940427065,
        1.0133911622688174,
        7.561901151202619,
        -5.087281126063317,
        2.9188204805832356,
        -3.940156274009496,
        8.977455803425983,
        -4.2800977122969925,
        2.824109612032771,
        1.194580057868734,
        2.289306079270318,
        -3.227196278516203,
        -4.446095847291872,
        -3.076648134738207,
        0.08283808291889727,
        2.2937267327215523,
        -0.5992199541069567,
        3.8456643037497997,
        -0.4622837109491229
      ]
    },
    {
      "name": "normal-correlated",
      "seed": 777,
      "config": {
        "sigmaMs": 3,
        "distribution": "normal",
        "correlation": 0.25
      },
      "count": 24,
      "expected": [
        -0.022930173960048705,
        0.19066190188459586,
        -2.501571052522195,
        3.516474441147693,
        0.9352998947113065,
        -0.5092306157028474,
        3.4679575569132766,
        0.6982491773005215,
        1.3406711267868898,
        -1.273150146575577,
        -2.4840786070818845,
        -4.013908432104504,
        -3.8713046007922083,
        -3.478652308826385,
        -3.8855622822048734,
        1.4982436186610109,
        1.5326644810609134,
        1.2772514824695789,
        0.726547280499616,
        -0.44643013547502985,
        -2.49619379277656,
        1.6174760756866584,
        1.1851872273334663,
        -3.973012979256795
      ]
    },
    {
      "name": "pareto-uncorrelated",
      "seed": 42,
      "config": {
        "sigmaMs": 10,
        "distribution": "pareto",
        "correlation": 0
      },
      "count": 24,
      "expected": [
        5.069175376145849,
        -1.874517170070611,
        47.780891202000475,
        10.27862769624253,
        -7.881521532170125,
        1.123452609184774,
        -6.240526709907764,
        6.648521079983574,
        54.33543101151652,
        -1.0492264404983265,
        -6.6680223647698185,
        64.78803708796354,
        19.329443216121792,
        -5.569954056493794,
        -7.542761992849605,
        0.029222144121081595,
        11.909328282395656,
        5.681912459127096,
        -9.961422227847546,
        -1.1041979695388815,
        41.47695655217632,
        -9.460268060400585,
        4.529282488842856,
        -9.674350112014368
      ]
    },
    {
      "name": "pareto-correlated",
      "seed": 2026,
      "config": {
        "sigmaMs": 10,
        "distribution": "pareto",
        "correlation": 0.25
      },
      "count": 24,
      "expected": [
        -1.2282298319817009,
        -4.4611309218150605,
        6.018891337166332,
        6.16268572375396,
        -4.612066618744875,
        -6.514854960540296,
        7.02014136816973,
        24.521040009952635,
        1.7455020224605224,
        -6.729350816003304,
        -8.647303277307234,
        2.553256683347594,
        -2.0905227324290534,
        -7.052815188367211,
        -7.622499484118233,
        -5.6938479109269196,
        -3.7822853130965357,
        51.554428671725866,
        15.132444735542212,
        -3.703879695996876,
        -6.505885145977085,
        -6.265996957998472,
        17.22534095940061,
        56.806335239850156
      ]
    },
    {
      "name": "paretonormal-correlated",
      "seed": 99,
      "config": {
        "sigmaMs": 20,
        "distribution": "paretonormal",
        "correlation": 0.5
      },
      "count": 24,
      "expected": [
        -8.787469393897375,
        -1.0000774862208388,
        15.19336236229418,
        10.869852631698283,
        4.30840044956456,
        21.56134757301435,
        6.259510822538373,
        27.770961161594432,
        9.244644134671766,
        7.009167383461595,
        15.180655470402485,
        12.7444998608664,
        11.902267685814099,
        30.185410134897083,
        10.57364334046121,
        7.967377712661653,
        11.237377114035528,
        4.192741183536113,
        -6.875883965599163,
        -10.135514372897068,
        31.479449620268905,
        21.542667061332633,
        18.48787361656923,
        1.0282915153207934
      ]
    }
  ]
}
